title,short
49th St (Bartram's North),49th%20St
AOI-1,AOI-1
AOI-2,AOI-2
AOI-3,AOI-3
AOI-4,AOI-4
AOI-5,AOI-5
AOI-6,AOI-6
AOI-7,AOI-7
AOI-8,AOI-8
AOI-9,AOI-9
AOI-10,AOI-10
AOI-11,AOI-11
Belmont Terminal,Belmont%20Terminal
Bellwether District,Bellwether%20District
Eastwick,Eastwick
Gibson Point (Bartram's South),Gibson%20Point
Girard Point refinery,Girard%20Point%20refinery
Grays Ferry chemical works,Grays%20Ferry%20chemical%20works
Grays Ferry neighborhood,Grays%20Ferry%20neighborhood
Kingsessing,Kingsessing
Naval Yard,Naval%20Yard
Passyunk Ave gas works,Passyunk%20Ave%20gas%20works
Passyunk Homes,Passyunk%20Homes
Point Breeze neighborhood,Point%20Breeze%20neighborhood
Point Breeze refinery,Point%20Breeze%20refinery
Quartermaster Depot,Quartermaster%20Depot
refinery complex,refinery%20complex
Schuylkill Generating Station,Schuylkill%20Generating%20Station
Schuylkill River,Schuylkill%20River
